Date,Prime Rate
Jan-15-1979,12
Jan-22-1979,12
Jan-29-1979,12
Feb-05-1979,12
Feb-12-1979,12
Feb-19-1979,12
Feb-26-1979,12
Mar-05-1979,12
Mar-12-1979,12
Mar-19-1979,12
Mar-26-1979,12
Apr-02-1979,12
Apr-09-1979,12
Apr-16-1979,12
Apr-23-1979,12
Apr-30-1979,12
May-07-1979,12
May-14-1979,12
May-21-1979,12
May-28-1979,12
Jun-04-1979,12
Jun-11-1979,12
Jun-18-1979,12
Jun-25-1979,12
Jul-02-1979,12
Jul-09-1979,12
Jul-16-1979,12
Jul-23-1979,12.5
Jul-30-1979,12.5
Aug-06-1979,12.5
Aug-13-1979,12.5
Aug-20-1979,12.5
Aug-27-1979,12.5
Sep-03-1979,12.5
Sep-10-1979,13
Sep-17-1979,13
Sep-24-1979,13
Oct-01-1979,13
Oct-08-1979,13.6
Oct-15-1979,13.75
Oct-22-1979,14.15
Oct-29-1979,14.75
Nov-05-1979,15
Nov-12-1979,15
Nov-19-1979,15
Nov-26-1979,15
Dec-03-1979,15
Dec-10-1979,15
Dec-17-1979,15
Dec-24-1979,15
Dec-31-1979,15
Jan-07-1980,15
Jan-14-1980,15
Jan-21-1980,15
Jan-28-1980,15
Feb-04-1980,15
Feb-11-1980,15
Feb-18-1980,15
Feb-25-1980,15
Mar-03-1980,15
Mar-10-1980,15
Mar-17-1980,15.75
Mar-24-1980,16.05
Mar-31-1980,16.83333333
Apr-07-1980,17.5
Apr-14-1980,17.4
Apr-21-1980,17
Apr-28-1980,16.75
May-05-1980,16.6
May-12-1980,15.2
May-19-1980,14.75
May-26-1980,14.55
Jun-02-1980,14.75
Jun-09-1980,14.75
Jun-16-1980,13.95
Jun-23-1980,13.25
Jun-30-1980,13.35
Jul-07-1980,13.2
Jul-14-1980,13
Jul-21-1980,12.7
Jul-28-1980,12.5
Aug-04-1980,12.5
Aug-11-1980,12.5
Aug-18-1980,12.3
Aug-25-1980,12.35
Sep-01-1980,12.5
Sep-08-1980,12.5
Sep-15-1980,12.35
Sep-22-1980,12.25
Sep-29-1980,12.4
Oct-06-1980,12.95
Oct-13-1980,12.75
Oct-20-1980,12.75
Oct-27-1980,12.85
Nov-03-1980,13.25
Nov-10-1980,13.7
Nov-17-1980,14
Nov-24-1980,13.75
Dec-01-1980,14.7
Dec-08-1980,16.1
Dec-15-1980,17.25
Dec-22-1980,18.25
Dec-29-1980,18.25
Jan-05-1981,18.25
Jan-12-1981,18.25
Jan-19-1981,18.25
Jan-26-1981,18.25
Feb-02-1981,18.25
Feb-09-1981,18.25
Feb-16-1981,18.25
Feb-23-1981,18.25
Mar-02-1981,18.25
Mar-09-1981,18.25
Mar-16-1981,18.25
Mar-23-1981,17.75
Mar-30-1981,17.75
Apr-06-1981,17.75
Apr-13-1981,17.75
Apr-20-1981,17.875
Apr-27-1981,18.25
May-04-1981,18.85
May-11-1981,19.5
May-18-1981,19.5
May-25-1981,19.5
Jun-01-1981,19.6
Jun-08-1981,20
Jun-15-1981,20
Jun-22-1981,20
Jun-29-1981,20
Jul-06-1981,20
Jul-13-1981,20
Jul-20-1981,20
Jul-27-1981,21.15
Aug-03-1981,21
Aug-10-1981,22.75
Aug-17-1981,22.75
Aug-24-1981,22.75
Aug-31-1981,22.75
Sep-07-1981,22.95
Sep-14-1981,22.45
Sep-21-1981,21.25
Sep-28-1981,21.25
Oct-05-1981,21.05
Oct-12-1981,20.45
Oct-19-1981,20.2
Oct-26-1981,20
Nov-02-1981,19.9
Nov-09-1981,19.5
Nov-16-1981,18.6
Nov-23-1981,17.55
Nov-30-1981,17.25
Dec-07-1981,17.25
Dec-14-1981,17.25
Dec-21-1981,17.25
Dec-28-1981,17.25
Jan-04-1982,16.5
Jan-11-1982,16.5
Jan-18-1982,16.5
Jan-25-1982,16.5
Feb-01-1982,16.5
Feb-08-1982,16.5
Feb-15-1982,16.5
Feb-22-1982,16.5
Mar-01-1982,16.5
Mar-08-1982,16.5
Mar-15-1982,16.5
Mar-22-1982,16.5
Mar-29-1982,16.91666667
Apr-05-1982,17
Apr-12-1982,17
Apr-19-1982,17
Apr-26-1982,17
May-03-1982,17
May-10-1982,17
May-17-1982,17
May-24-1982,17
May-31-1982,17.1
Jun-07-1982,17.5
Jun-14-1982,17.65
Jun-21-1982,18.25
Jun-28-1982,18.25
Jul-05-1982,18.25
Jul-12-1982,18.25
Jul-19-1982,17.75
Jul-26-1982,17.25
Aug-02-1982,17.15
Aug-09-1982,17
Aug-16-1982,17
Aug-23-1982,16
Aug-30-1982,15.9
Sep-06-1982,15.5
Sep-13-1982,15.5
Sep-20-1982,15.5
Sep-27-1982,15.2
Oct-04-1982,14.9
Oct-11-1982,14.35
Oct-18-1982,13.75
Oct-25-1982,13.75
Nov-01-1982,13.75
Nov-08-1982,13.3
Nov-15-1982,13
Nov-22-1982,13
Nov-29-1982,13
Dec-06-1982,13
Dec-13-1982,13
Dec-20-1982,12.5
Dec-27-1982,12.5
Jan-03-1983,12.5
Jan-10-1983,12.2
Jan-17-1983,12
Jan-24-1983,12
Jan-31-1983,12
Feb-07-1983,12
Feb-14-1983,12
Feb-21-1983,11.7
Feb-28-1983,11.5
Mar-07-1983,11.5
Mar-14-1983,11.5
Mar-21-1983,11.5
Mar-28-1983,11.5
Apr-04-1983,11.5
Apr-11-1983,11.4
Apr-18-1983,11
Apr-25-1983,11
May-02-1983,11
May-09-1983,11
May-16-1983,11
May-23-1983,11
May-30-1983,11
Jun-06-1983,11
Jun-13-1983,11
Jun-20-1983,11
Jun-27-1983,11
Jul-04-1983,11
Jul-11-1983,11
Jul-18-1983,11
Jul-25-1983,11
Aug-01-1983,11
Aug-08-1983,11
Aug-15-1983,11
Aug-22-1983,11
Aug-29-1983,11
Sep-05-1983,11
Sep-12-1983,11
Sep-19-1983,11
Sep-26-1983,11
Oct-03-1983,11
Oct-10-1983,11
Oct-17-1983,11
Oct-24-1983,11
Oct-31-1983,11
Nov-07-1983,11
Nov-14-1983,11
Nov-21-1983,11
Nov-28-1983,11
Dec-05-1983,11
Dec-12-1983,11
Dec-19-1983,11
Dec-26-1983,11
Jan-02-1984,11
Jan-09-1984,11
Jan-16-1984,11
Jan-23-1984,11
Jan-30-1984,11
Feb-06-1984,11
Feb-13-1984,11
Feb-20-1984,11
Feb-27-1984,11
Mar-05-1984,11
Mar-12-1984,11
Mar-19-1984,11.1
Mar-26-1984,11.5
Apr-02-1984,11.5
Apr-09-1984,11.5
Apr-16-1984,11.5
Apr-23-1984,11.5
Apr-30-1984,11.5
May-07-1984,11.8
May-14-1984,12
May-21-1984,12
May-28-1984,12
Jun-04-1984,12
Jun-11-1984,12
Jun-18-1984,12
Jun-25-1984,12.4
Jul-02-1984,12.9
Jul-09-1984,13.5
Jul-16-1984,13.5
Jul-23-1984,13.5
Jul-30-1984,13.5
Aug-06-1984,13.5
Aug-13-1984,13
Aug-20-1984,13
Aug-27-1984,13
Sep-03-1984,13
Sep-10-1984,13
Sep-17-1984,13
Sep-24-1984,13
Oct-01-1984,13
Oct-08-1984,13
Oct-15-1984,13
Oct-22-1984,13
Oct-29-1984,12.5
Nov-05-1984,12.5
Nov-12-1984,12.5
Nov-19-1984,12
Nov-26-1984,12
Dec-03-1984,11.9
Dec-10-1984,11.75
Dec-17-1984,11.55
Dec-24-1984,11.25
Dec-31-1984,11.25
Jan-07-1985,11.25
Jan-14-1985,11
Jan-21-1985,11
Jan-28-1985,11
Feb-04-1985,11
Feb-11-1985,11
Feb-18-1985,11.2
Feb-25-1985,11.5
Mar-04-1985,11.6
Mar-11-1985,11.75
Mar-18-1985,11.75
Mar-25-1985,11.6
Apr-01-1985,11.25
Apr-08-1985,11.15
Apr-15-1985,10.9
Apr-22-1985,10.75
Apr-29-1985,10.75
May-06-1985,10.75
May-13-1985,10.75
May-20-1985,10.6
May-27-1985,10.5
Jun-03-1985,10.5
Jun-10-1985,10.5
Jun-17-1985,10.5
Jun-24-1985,10.5
Jul-01-1985,10.5
Jul-08-1985,10.5
Jul-15-1985,10.5
Jul-22-1985,10.5
Jul-29-1985,10.5
Aug-05-1985,10.5
Aug-12-1985,10.5
Aug-19-1985,10.4
Aug-26-1985,10.25
Sep-02-1985,10.25
Sep-09-1985,10.25
Sep-16-1985,10.25
Sep-23-1985,10.25
Sep-30-1985,10.25
Oct-07-1985,10
Oct-14-1985,10
Oct-21-1985,10
Oct-28-1985,10
Nov-04-1985,10
Nov-11-1985,10
Nov-18-1985,10
Nov-25-1985,10
Dec-02-1985,10
Dec-09-1985,10
Dec-16-1985,10
Dec-23-1985,10
Dec-30-1985,10
Jan-06-1986,10.4
Jan-13-1986,10.9
Jan-20-1986,11
Jan-27-1986,11
Feb-03-1986,11.55
Feb-10-1986,12.25
Feb-17-1986,12.85
Feb-24-1986,13
Mar-03-1986,13
Mar-10-1986,12.9
Mar-17-1986,12.5
Mar-24-1986,12.2
Mar-31-1986,12
Apr-07-1986,11.7
Apr-14-1986,11.25
Apr-21-1986,11.25
Apr-28-1986,11.15
May-05-1986,10.75
May-12-1986,10.65
May-19-1986,10.25
May-26-1986,10.25
Jun-02-1986,10.25
Jun-09-1986,10.25
Jun-16-1986,10.25
Jun-23-1986,10.25
Jun-30-1986,10.25
Jul-07-1986,10.25
Jul-14-1986,10.15
Jul-21-1986,9.75
Jul-28-1986,9.75
Aug-04-1986,9.15
Aug-11-1986,9.65
Aug-18-1986,9.75
Aug-25-1986,9.75
Sep-01-1986,9.75
Sep-08-1986,9.75
Sep-15-1986,9.75
Sep-22-1986,9.75
Sep-29-1986,9.75
Oct-06-1986,9.75
Oct-13-1986,9.75
Oct-20-1986,8.8486
Oct-27-1986,9.75
Nov-03-1986,9.75
Nov-10-1986,9.75
Nov-17-1986,9.75
Nov-24-1986,9.75
Dec-01-1986,9.75
Dec-08-1986,9.75
Dec-15-1986,9.75
Dec-22-1986,9.75
Dec-29-1986,9.75
Jan-05-1987,9.75
Jan-12-1987,9.75
Jan-19-1987,9.65
Jan-26-1987,9.25
Feb-02-1987,9.25
Feb-09-1987,9.25
Feb-16-1987,9.25
Feb-23-1987,9.25
Mar-02-1987,9.25
Mar-09-1987,9.15
Mar-16-1987,8.75
Mar-23-1987,8.75
Mar-30-1987,8.75
Apr-06-1987,8.75
Apr-13-1987,8.75
Apr-20-1987,8.75
Apr-27-1987,8.75
May-04-1987,9.25
May-11-1987,9.25
May-18-1987,9.25
May-25-1987,9.25
Jun-01-1987,9.3
Jun-08-1987,9.25
Jun-15-1987,9.5
Jun-22-1987,9.45
Jun-29-1987,9.5
Jul-06-1987,9.5
Jul-13-1987,9.5
Jul-20-1987,9.5
Jul-27-1987,9.6
Aug-03-1987,10
Aug-10-1987,10
Aug-17-1987,10
Aug-24-1987,10
Aug-31-1987,10
Sep-07-1987,10
Sep-14-1987,10
Sep-21-1987,10
Sep-28-1987,10
Oct-05-1987,10
Oct-12-1987,10
Oct-19-1987,10
Oct-26-1987,10.4
Nov-02-1987,10.5
Nov-09-1987,10.5
Nov-16-1987,10.4
Nov-23-1987,10.5
Nov-30-1987,10.5
Dec-07-1987,10.5
Dec-14-1987,10.5
Dec-21-1987,10.5
Dec-28-1987,9.9
Jan-04-1988,9.75
Jan-11-1988,9.75
Jan-18-1988,9.55
Jan-25-1988,9.75
Feb-01-1988,9.75
Feb-08-1988,9.75
Feb-15-1988,9.75
Feb-22-1988,9.75
Feb-29-1988,9.75
Mar-07-1988,9.75
Mar-14-1988,9.75
Mar-21-1988,9.75
Mar-28-1988,9.75
Apr-04-1988,9.75
Apr-11-1988,9.75
Apr-18-1988,9.75
Apr-25-1988,10.25
May-02-1988,10.25
May-09-1988,10.25
May-16-1988,10.25
May-23-1988,10.25
May-30-1988,10.25
Jun-06-1988,10.25
Jun-13-1988,10.25
Jun-20-1988,10.25
Jun-27-1988,10.65
Jul-04-1988,10.75
Jul-11-1988,10.75
Jul-18-1988,10.75
Jul-25-1988,10.75
Aug-01-1988,10.75
Aug-08-1988,10.75
Aug-15-1988,10.75
Aug-22-1988,10.95
Aug-29-1988,11.25
Sep-05-1988,11.25
Sep-12-1988,11.35
Sep-19-1988,11.75
Sep-26-1988,11.75
Oct-03-1988,11.75
Oct-10-1988,11.75
Oct-17-1988,11.75
Oct-24-1988,11.75
Oct-31-1988,11.75
Nov-07-1988,11.75
Nov-14-1988,11.75
Nov-21-1988,11.75
Nov-28-1988,11.75
Dec-05-1988,11.95
Dec-12-1988,12.25
Dec-19-1988,12.25
Dec-26-1988,12.25
Jan-02-1989,12.25
Jan-09-1989,12.25
Jan-16-1989,12.25
Jan-23-1989,12.25
Jan-30-1989,12.25
Feb-06-1989,12.25
Feb-13-1989,12.35
Feb-20-1989,12.75
Feb-27-1989,12.75
Mar-06-1989,12.75
Mar-13-1989,12.75
Mar-20-1989,12.75
Mar-27-1989,13.5
Apr-03-1989,13.4
Apr-10-1989,13.5
Apr-17-1989,13.5
Apr-24-1989,13.45
May-01-1989,13.5
May-08-1989,13.5
May-15-1989,13.5
May-22-1989,13.5
May-29-1989,13.5
Jun-05-1989,13.5
Jun-12-1989,13.5
Jun-19-1989,13.5
Jun-26-1989,13.4
Jul-03-1989,13.5
Jul-10-1989,13.5
Jul-17-1989,13.5
Jul-24-1989,13.5
Jul-31-1989,13.5
Aug-07-1989,13.5
Aug-14-1989,13.5
Aug-21-1989,13.5
Aug-28-1989,13.5
Sep-04-1989,13.5
Sep-11-1989,13.5
Sep-18-1989,13.5
Sep-25-1989,13.5
Oct-02-1989,13.5
Oct-09-1989,13.5
Oct-16-1989,13.5
Oct-23-1989,13.5
Oct-30-1989,13.5
Nov-06-1989,13.5
Nov-13-1989,13.5
Nov-20-1989,13.5
Nov-27-1989,13.5
Dec-04-1989,13.5
Dec-11-1989,13.5
Dec-18-1989,13.5
Dec-25-1989,13.5
Jan-01-1990,13.5
Jan-08-1990,13.5
Jan-15-1990,13.5
Jan-22-1990,13.5
Jan-29-1990,13.5
Feb-05-1990,13.5
Feb-12-1990,13.65
Feb-19-1990,14.25
Feb-26-1990,14.25
Mar-05-1990,14.25
Mar-12-1990,14.25
Mar-19-1990,14.25
Mar-26-1990,14.25
Apr-02-1990,14.25
Apr-09-1990,14.25
Apr-16-1990,14.25
Apr-23-1990,14.75
Apr-30-1990,14.75
May-07-1990,14.75
May-14-1990,14.75
May-21-1990,14.75
May-28-1990,14.75
Jun-04-1990,14.75
Jun-11-1990,14.75
Jun-18-1990,14.75
Jun-25-1990,14.75
Jul-02-1990,14.75
Jul-09-1990,14.75
Jul-16-1990,14.75
Jul-23-1990,14.75
Jul-30-1990,14.75
Aug-06-1990,14.75
Aug-13-1990,14.75
Aug-20-1990,14.65
Aug-27-1990,14.25
Sep-03-1990,14.25
Sep-10-1990,14.25
Sep-17-1990,14.15
Sep-24-1990,13.75
Oct-01-1990,13.75
Oct-08-1990,13.75
Oct-15-1990,13.75
Oct-22-1990,13.75
Oct-29-1990,13.75
Nov-05-1990,13.75
Nov-12-1990,13.6
Nov-19-1990,13.55
Nov-26-1990,13.25
Dec-03-1990,13.25
Dec-10-1990,13.25
Dec-17-1990,13.25
Dec-24-1990,12.75
Dec-31-1990,12.7
Jan-07-1991,12.75
Jan-14-1991,12.55
Jan-21-1991,12.25
Jan-28-1991,11.95
Feb-04-1991,13.08333333
Feb-11-1991,11.75
Feb-18-1991,11.55
Feb-25-1991,11.25
Mar-04-1991,11.25
Mar-11-1991,11.25
Mar-18-1991,11.25
Mar-25-1991,11.25
Apr-01-1991,10.95
Apr-08-1991,10.7
Apr-15-1991,10.75
Apr-22-1991,10.45
Apr-29-1991,10.25
May-06-1991,10.15
May-13-1991,10.25
May-20-1991,9.95
May-27-1991,9.75
Jun-03-1991,9.75
Jun-10-1991,9.75
Jun-17-1991,9.75
Jun-24-1991,9.75
Jul-01-1991,9.75
Jul-08-1991,9.75
Jul-15-1991,9.75
Jul-22-1991,9.75
Jul-29-1991,9.75
Aug-05-1991,9.75
Aug-12-1991,9.75
Aug-19-1991,9.75
Aug-26-1991,9.75
Sep-02-1991,9.75
Sep-09-1991,9.7
Sep-16-1991,9.5
Sep-23-1991,9.5
Sep-30-1991,9.5
Oct-07-1991,9.5
Oct-14-1991,9.5
Oct-21-1991,9.35
Oct-28-1991,8.7
Nov-04-1991,8.65
Nov-11-1991,8.5
Nov-18-1991,8.5
Nov-25-1991,8.5
Dec-02-1991,8.5
Dec-09-1991,8.5
Dec-16-1991,8.4
Dec-23-1991,8
Dec-30-1991,8
Jan-06-1992,8
Jan-13-1992,8
Jan-20-1992,8
Jan-27-1992,8
Feb-03-1992,7.5
Feb-10-1992,7.5
Feb-17-1992,7.5
Feb-24-1992,7.5
Mar-02-1992,7.5
Mar-09-1992,7.65
Mar-16-1992,8.25
Mar-23-1992,8.25
Mar-30-1992,8.25
Apr-06-1992,8.25
Apr-13-1992,8.25
Apr-20-1992,7.95
Apr-27-1992,7.75
May-04-1992,7.75
May-11-1992,7.75
May-18-1992,7.75
May-25-1992,7.75
Jun-01-1992,7.45
Jun-08-1992,7.25
Jun-15-1992,7.15
Jun-22-1992,7
Jun-29-1992,7
Jul-06-1992,6.85
Jul-13-1992,6.85
Jul-20-1992,6.95
Jul-27-1992,6.75
Aug-03-1992,6.65
Aug-10-1992,6.5
Aug-17-1992,6.5
Aug-24-1992,6.5
Aug-31-1992,6.4
Sep-07-1992,6.25
Sep-14-1992,6.25
Sep-21-1992,6.25
Sep-28-1992,6.65
Oct-05-1992,8.25
Oct-12-1992,8.25
Oct-19-1992,8.25
Oct-26-1992,8.15
Nov-02-1992,7.55
Nov-09-1992,7.5
Nov-16-1992,7.8
Nov-23-1992,9
Nov-30-1992,9
Dec-07-1992,8.8
Dec-14-1992,8.45
Dec-21-1992,7.45
Dec-28-1992,7.25
Jan-04-1993,7.25
Jan-11-1993,7
Jan-18-1993,6.75
Jan-25-1993,6.75
Feb-01-1993,6.75
Feb-08-1993,6.75
Feb-15-1993,6.75
Feb-22-1993,6.5
Mar-01-1993,6.4
Mar-08-1993,6.25
Mar-15-1993,6.25
Mar-22-1993,6
Mar-29-1993,6
Apr-05-1993,6
Apr-12-1993,6
Apr-19-1993,6
Apr-26-1993,6
May-03-1993,6
May-10-1993,6
May-17-1993,6
May-24-1993,6
May-31-1993,6
Jun-07-1993,6
Jun-14-1993,6
Jun-21-1993,6
Jun-28-1993,6
Jul-05-1993,6
Jul-12-1993,5.75
Jul-19-1993,5.75
Jul-26-1993,5.75
Aug-02-1993,5.75
Aug-09-1993,5.75
Aug-16-1993,5.75
Aug-23-1993,5.75
Aug-30-1993,5.75
Sep-06-1993,5.75
Sep-13-1993,5.75
Sep-20-1993,5.35
Sep-27-1993,5.75
Oct-04-1993,5.75
Oct-11-1993,5.75
Oct-18-1993,5.714
Oct-25-1993,5.75
Nov-01-1993,5.75
Nov-08-1993,5.55
Nov-15-1993,5.5
Nov-22-1993,5.5
Nov-29-1993,5.5
Dec-06-1993,5.5
Dec-13-1993,5.5
Dec-20-1993,5.5
Dec-27-1993,5.5
Jan-03-1994,5.5
Jan-10-1994,5.5
Jan-17-1994,5.5
Jan-24-1994,5.5
Jan-31-1994,5.5
Feb-07-1994,5.5
Feb-14-1994,5.5
Feb-21-1994,5.5
Feb-28-1994,5.5
Mar-07-1994,5.5
Mar-14-1994,5.5
Mar-21-1994,5.5
Mar-28-1994,6.1
Apr-04-1994,6.75
Apr-11-1994,6.75
Apr-18-1994,6.75
Apr-25-1994,6.75
May-02-1994,6.75
May-09-1994,6.75
May-16-1994,6.75
May-23-1994,6.75
May-30-1994,6.93
Jun-06-1994,6.75
Jun-13-1994,6.85
Jun-20-1994,7.7
Jun-27-1994,8
Jul-04-1994,8
Jul-11-1994,7.85
Jul-18-1994,7.55
Jul-25-1994,7.5
Aug-01-1994,7.35
Aug-08-1994,7.25
Aug-15-1994,7.25
Aug-22-1994,7.25
Aug-29-1994,7.25
Sep-05-1994,7.25
Sep-12-1994,7.2
Sep-19-1994,7
Sep-26-1994,7
Oct-03-1994,7
Oct-10-1994,7
Oct-17-1994,7
Oct-24-1994,7
Oct-31-1994,7
Nov-07-1994,7
Nov-14-1994,7
Nov-21-1994,7
Nov-28-1994,7
Dec-05-1994,7.5
Dec-12-1994,7.7
Dec-19-1994,8
Dec-26-1994,8
Jan-02-1995,8
Jan-09-1995,8.1
Jan-16-1995,8.95
Jan-23-1995,9.25
Jan-30-1995,9.25
Feb-06-1995,9.25
Feb-13-1995,9.25
Feb-20-1995,9.4
Feb-27-1995,9.4
Mar-06-1995,9.55
Mar-13-1995,9.75
Mar-20-1995,9.75
Mar-27-1995,9.75
Apr-03-1995,9.75
Apr-10-1995,9.75
Apr-17-1995,9.75
Apr-24-1995,9.75
May-01-1995,9.75
May-08-1995,9.45
May-15-1995,9.25
May-22-1995,9.25
May-29-1995,9.25
Jun-05-1995,9
Jun-12-1995,8.85
Jun-19-1995,8.75
Jun-26-1995,8.75
Jul-03-1995,8.7
Jul-10-1995,8.35
Jul-17-1995,8.25
Jul-24-1995,8.25
Jul-31-1995,8.25
Aug-07-1995,8.25
Aug-14-1995,8.25
Aug-21-1995,8.25
Aug-28-1995,8.05
Sep-04-1995,8
Sep-11-1995,8
Sep-18-1995,8
Sep-25-1995,8
Oct-02-1995,8
Oct-09-1995,8
Oct-16-1995,8
Oct-23-1995,8
Oct-30-1995,7.85
Nov-06-1995,7.75
Nov-13-1995,7.75
Nov-20-1995,7.75
Nov-27-1995,7.75
Dec-04-1995,7.75
Dec-11-1995,7.75
Dec-18-1995,7.6
Dec-25-1995,7.5
Jan-01-1996,7.5
Jan-08-1996,7.4
Jan-15-1996,7.5
Jan-22-1996,7.5
Jan-29-1996,7.15
Feb-05-1996,7
Feb-12-1996,7
Feb-19-1996,7
Feb-26-1996,7
Mar-04-1996,7
Mar-11-1996,7
Mar-18-1996,6.95
Mar-25-1996,6.75
Apr-01-1996,6.75
Apr-08-1996,6.75
Apr-15-1996,6.7
Apr-22-1996,6.5
Apr-29-1996,6.5
May-06-1996,6.5
May-13-1996,6.5
May-20-1996,6.5
May-27-1996,6.5
Jun-03-1996,6.5
Jun-10-1996,6.5
Jun-17-1996,6.5
Jun-24-1996,6.5
Jul-01-1996,6.5
Jul-08-1996,6.5
Jul-15-1996,6.5
Jul-22-1996,6.3
Jul-29-1996,6.25
Aug-05-1996,6.25
Aug-12-1996,6
Aug-19-1996,5.95
Aug-26-1996,5.75
Sep-02-1996,5.75
Sep-09-1996,5.75
Sep-16-1996,5.75
Sep-23-1996,5.75
Sep-30-1996,5.65
Oct-07-1996,5.5
Oct-14-1996,5.4
Oct-21-1996,5.25
Oct-28-1996,5.05
Nov-04-1996,5
Nov-11-1996,4.75
Nov-18-1996,4.75
Nov-25-1996,4.75
Dec-02-1996,4.75
Dec-09-1996,4.75
Dec-16-1996,4.75
Dec-23-1996,4.75
Dec-30-1996,4.75
Jan-06-1997,4.75
Jan-13-1997,4.75
Jan-20-1997,4.75
Jan-27-1997,4.75
Feb-03-1997,4.75
Feb-10-1997,4.75
Feb-17-1997,4.75
Feb-24-1997,4.75
Mar-03-1997,4.75
Mar-10-1997,4.75
Mar-17-1997,4.75
Mar-24-1997,4.75
Mar-31-1997,4.75
Apr-07-1997,4.75
Apr-14-1997,4.75
Apr-21-1997,4.75
Apr-28-1997,4.75
May-05-1997,4.75
May-12-1997,4.75
May-19-1997,4.75
May-26-1997,4.75
Jun-02-1997,4.75
Jun-09-1997,4.75
Jun-16-1997,4.75
Jun-23-1997,4.75
Jun-30-1997,4.75
Jul-07-1997,4.75
Jul-14-1997,4.75
Jul-21-1997,4.75
Jul-28-1997,4.75
Aug-04-1997,4.75
Aug-11-1997,4.75
Aug-18-1997,4.75
Aug-25-1997,4.75
Sep-01-1997,4.75
Sep-08-1997,4.75
Sep-15-1997,4.75
Sep-22-1997,4.75
Sep-29-1997,4.85
Oct-06-1997,5.25
Oct-13-1997,5.25
Oct-20-1997,5.25
Oct-27-1997,5.25
Nov-03-1997,5.25
Nov-10-1997,5.25
Nov-17-1997,5.25
Nov-24-1997,5.4
Dec-01-1997,5.5
Dec-08-1997,5.5
Dec-15-1997,6
Dec-22-1997,6
Dec-29-1997,6
Jan-05-1998,6
Jan-19-1998,6
Jan-26-1998,6
Feb-02-1998,6.5
Feb-09-1998,6.5
Feb-16-1998,6.5
Feb-23-1998,6.5
Mar-02-1998,6.5
Mar-09-1998,6.5
Mar-16-1998,6.5
Mar-23-1998,6.5
Mar-30-1998,6.5
Apr-06-1998,6.5
Apr-13-1998,6.5
Apr-20-1998,6.5
Apr-27-1998,6.5
May-04-1998,6.5
May-11-1998,6.5
May-18-1998,6.5
May-25-1998,6.5
Jun-01-1998,6.5
Jun-08-1998,6.5
Jun-15-1998,6.5
Jun-22-1998,6.5
Jun-29-1998,6.5
Jul-06-1998,6.5
Jul-13-1998,6.5
Jul-20-1998,6.5
Jul-27-1998,6.5
Aug-03-1998,6.5
Aug-10-1998,6.5
Aug-17-1998,6.5
Aug-24-1998,6.7
Aug-31-1998,7.5
Sep-07-1998,7.5
Sep-14-1998,7.5
Sep-21-1998,7.5
Sep-28-1998,7.35
Oct-05-1998,7.25
Oct-12-1998,7.25
Oct-19-1998,7
Oct-26-1998,7
Nov-02-1998,7
Nov-09-1998,7
Nov-16-1998,7
Nov-23-1998,6.75
Nov-30-1998,6.75
Dec-07-1998,6.75
Dec-14-1998,6.75
Dec-21-1998,6.75
Dec-28-1998,6.75
Jan-04-1999,6.75
Jan-11-1999,6.75
Jan-18-1999,6.75
Jan-25-1999,6.75
Feb-01-1999,6.75
Feb-08-1999,6.75
Feb-15-1999,6.75
Feb-22-1999,6.75
Mar-01-1999,6.75
Mar-08-1999,6.75
Mar-15-1999,6.75
Mar-22-1999,6.75
Mar-29-1999,6.75
Apr-05-1999,6.5
Apr-12-1999,6.5
Apr-19-1999,6.5
Apr-26-1999,6.5
May-03-1999,6.4
May-10-1999,6.25
May-17-1999,6.25
May-24-1999,6.25
May-31-1999,6.25
Jun-07-1999,6.25
Jun-14-1999,6.25
Jun-21-1999,6.25
Jun-28-1999,6.25
Jul-05-1999,6.25
Jul-12-1999,6.25
Jul-19-1999,6.25
Jul-26-1999,6.25
Aug-02-1999,6.25
Aug-09-1999,6.25
Aug-16-1999,6.25
Aug-23-1999,6.25
Aug-30-1999,6.25
Sep-06-1999,6.25
Sep-13-1999,6.25
Sep-20-1999,6.25
Sep-27-1999,6.25
Oct-04-1999,6.25
Oct-11-1999,6.25
Oct-18-1999,6.25
Oct-25-1999,6.25
Nov-01-1999,6.25
Nov-08-1999,6.25
Nov-15-1999,6.4
Nov-22-1999,6.5
Nov-29-1999,6.5
Dec-06-1999,6.5
Dec-13-1999,6.5
Dec-20-1999,6.5
Dec-27-1999,6.5
Jan-03-2000,6.5
Jan-10-2000,6.5
Jan-17-2000,6.5
Jan-24-2000,6.5
Jan-31-2000,6.55
Feb-07-2000,6.75
Feb-14-2000,6.75
Feb-21-2000,6.75
Feb-28-2000,6.75
Mar-06-2000,6.75
Mar-13-2000,6.75
Mar-20-2000,6.9
Mar-27-2000,7
Apr-03-2000,7
Apr-10-2000,7
Apr-17-2000,7
Apr-24-2000,7
May-01-2000,7
May-08-2000,7
May-15-2000,7.3
May-22-2000,7.5
May-29-2000,7.5
Jun-05-2000,7.5
Jun-12-2000,7.5
Jun-19-2000,7.5
Jun-26-2000,7.5
Jul-03-2000,7.5
Jul-10-2000,7.5
Jul-17-2000,7.5
Jul-24-2000,7.5
Jul-31-2000,7.5
Aug-07-2000,7.5
Aug-14-2000,7.5
Aug-21-2000,7.5
Aug-28-2000,7.5
Sep-04-2000,7.5
Sep-11-2000,7.5
Sep-18-2000,7.5
Sep-25-2000,7.5
Oct-02-2000,7.5
Oct-09-2000,7.5
Oct-16-2000,7.5
Oct-23-2000,7.5
Oct-30-2000,7.5
Nov-06-2000,7.5
Nov-13-2000,7.5
Nov-20-2000,7.5
Nov-27-2000,7.5
Dec-04-2000,7.5
Dec-11-2000,7.5
Dec-18-2000,7.5
Dec-25-2000,7.5
Jan-01-2001,7.5
Jan-08-2001,7.5
Jan-15-2001,7.5
Jan-22-2001,7.4
Jan-29-2001,7.25
Feb-05-2001,7.25
Feb-12-2001,7.25
Feb-19-2001,7.25
Feb-26-2001,7.25
Mar-05-2001,6.85
Mar-12-2001,6.75
Mar-19-2001,6.75
Mar-26-2001,6.75
Apr-02-2001,6.75
Apr-09-2001,6.75
Apr-16-2001,6.6
Apr-23-2001,6.5
Apr-30-2001,6.5
May-07-2001,6.5
May-14-2001,6.5
May-21-2001,6.5
May-28-2001,6.35
Jun-04-2001,6.25
Jun-11-2001,6.25
Jun-18-2001,6.25
Jun-25-2001,6.25
Jul-02-2001,6.25
Jul-09-2001,6.25
Jul-16-2001,6.05
Jul-23-2001,6
Jul-30-2001,6
Aug-06-2001,6
Aug-13-2001,6
Aug-20-2001,6
Aug-27-2001,5.8
Sep-03-2001,5.75
Sep-10-2001,5.75
Sep-17-2001,5.25
Sep-24-2001,5.25
Oct-01-2001,5.25
Oct-08-2001,5.25
Oct-15-2001,5.25
Oct-22-2001,4.65
Oct-29-2001,4.5
Nov-05-2001,4.5
Nov-12-2001,4.5
Nov-19-2001,4.5
Nov-26-2001,4.1
Dec-03-2001,4
Dec-10-2001,4
Dec-17-2001,4
Dec-24-2001,4
Dec-31-2001,4
Jan-07-2002,4
Jan-14-2002,3.8
Jan-21-2002,3.75
Jan-28-2002,3.75
Feb-04-2002,3.75
Feb-11-2002,3.75
Feb-18-2002,3.75
Feb-25-2002,3.75
Mar-04-2002,3.75
Mar-11-2002,3.75
Mar-18-2002,3.75
Mar-25-2002,3.75
Apr-01-2002,3.75
Apr-08-2002,3.75
Apr-15-2002,3.9
Apr-22-2002,4
Apr-29-2002,4
May-06-2002,4
May-13-2002,4
May-20-2002,4
May-27-2002,4
Jun-03-2002,4.2
Jun-10-2002,4.25
Jun-17-2002,4.25
Jun-24-2002,4.25
Jul-01-2002,4.25
Jul-08-2002,4.25
Jul-15-2002,4.45
Jul-22-2002,4.5
Jul-29-2002,4.5
Aug-05-2002,4.5
Aug-12-2002,4.5
Aug-19-2002,4.5
Aug-26-2002,4.5
Sep-02-2002,4.5
Sep-09-2002,4.5
Sep-16-2002,4.5
Sep-23-2002,4.5
Sep-30-2002,4.5
Oct-07-2002,4.5
Oct-14-2002,4.5
Oct-21-2002,4.5
Oct-28-2002,4.5
Nov-04-2002,4.5
Nov-11-2002,4.5
Nov-18-2002,4.5
Nov-25-2002,4.5
Dec-02-2002,4.5
Dec-09-2002,4.5
Dec-16-2002,4.5
Dec-23-2002,4.5
Dec-30-2002,4.5
Jan-06-2003,4.5
Jan-13-2003,4.5
Jan-20-2003,4.5
Jan-27-2003,4.5
Feb-03-2003,4.5
Feb-10-2003,4.5
Feb-17-2003,4.5
Feb-24-2003,4.5
Mar-03-2003,4.7
Mar-10-2003,4.75
Mar-17-2003,4.75
Mar-24-2003,4.75
Mar-31-2003,4.75
Apr-07-2003,4.75
Apr-14-2003,5
Apr-21-2003,5
Apr-28-2003,5
May-05-2003,5
May-12-2003,5
May-19-2003,5
May-26-2003,5
Jun-02-2003,5
Jun-09-2003,5
Jun-16-2003,5
Jun-23-2003,5
Jun-30-2003,5
Jul-07-2003,5
Jul-14-2003,4.8
Jul-21-2003,4.75
Jul-28-2003,4.75
Aug-04-2003,4.75
Aug-11-2003,4.2
Aug-18-2003,4.75
Aug-25-2003,4.75
Sep-01-2003,4.6
Sep-08-2003,4.5
Sep-15-2003,4.5
Sep-22-2003,4.5
Sep-29-2003,4.5
Oct-06-2003,4.5
Oct-13-2003,4.5
Oct-20-2003,4.5
Oct-27-2003,4.5
Nov-03-2003,4.5
Nov-10-2003,4.5
Nov-17-2003,4.5
Nov-24-2003,4.5
Dec-01-2003,4.5
Dec-08-2003,4.5
Dec-15-2003,4.5
Dec-22-2003,4.5
Dec-29-2003,4.5
Jan-05-2004,4.5
Jan-12-2004,4.5
Jan-19-2004,4.25
Jan-26-2004,4.25
Feb-02-2004,4.25
Feb-09-2004,4.25
Feb-16-2004,4.25
Feb-23-2004,4.25
Mar-01-2004,4.1
Mar-08-2004,4
Mar-15-2004,4
Mar-22-2004,4
Mar-29-2004,4
Apr-05-2004,4
Apr-12-2004,3.8
Apr-19-2004,3.75
Apr-26-2004,3.75
May-03-2004,3.75
May-10-2004,3.75
May-17-2004,3.75
May-24-2004,3.75
May-31-2004,3.75
Jun-07-2004,3.75
Jun-14-2004,3.75
Jun-21-2004,3.75
Jun-28-2004,3.75
Jul-05-2004,3.75
Jul-12-2004,3.75
Jul-19-2004,3.75
Jul-26-2004,3.75
Aug-02-2004,3.75
Aug-09-2004,3.75
Aug-16-2004,3.75
Aug-23-2004,3.75
Aug-30-2004,3.75
Sep-06-2004,3.9375
Sep-13-2004,4
Sep-20-2004,4
Sep-27-2004,4
Oct-04-2004,4
Oct-11-2004,4
Oct-18-2004,4.2
Oct-25-2004,4.25
Nov-01-2004,4.25
Nov-08-2004,4.25
Nov-15-2004,4.25
Nov-22-2004,4.25
Nov-29-2004,4.25
Dec-06-2004,4.25
Dec-13-2004,4.25
Dec-20-2004,4.25
Dec-27-2004,4.25
Jan-03-2005,4.25
Jan-10-2005,4.25
Jan-17-2005,4.25
Jan-24-2005,4.25
Jan-31-2005,4.25
Feb-07-2005,4.25
Feb-14-2005,4.25
Feb-21-2005,4.25
Feb-28-2005,4.25
Mar-07-2005,4.25
Mar-14-2005,4.25
Mar-21-2005,4.25
Mar-28-2005,4.25
Apr-04-2005,4.06625
Apr-11-2005,4.25
Apr-18-2005,4.25
Apr-25-2005,4.25
May-02-2005,4.25
May-09-2005,4.25
May-16-2005,4.25
May-23-2005,4.25
May-30-2005,4.25
Jun-06-2005,4.25
Jun-13-2005,4.25
Jun-20-2005,4.25
Jun-27-2005,4.25
Jul-04-2005,4.25
Jul-11-2005,4.25
Jul-18-2005,4.25
Jul-25-2005,4.25
Aug-01-2005,4.25
Aug-08-2005,4.25
Aug-15-2005,4.25
Aug-22-2005,4.25
Aug-29-2005,4.25
Sep-05-2005,4.4375
Sep-12-2005,4.5
Sep-19-2005,4.5
Sep-26-2005,4.5
Oct-03-2005,4.5
Oct-10-2005,4.5
Oct-17-2005,4.6
Oct-24-2005,4.75
Oct-31-2005,4.75
Nov-07-2005,4.75
Nov-14-2005,4.75
Nov-21-2005,4.75
Nov-28-2005,4.75
Dec-05-2005,4.95
Dec-12-2005,5
Dec-19-2005,5
Dec-26-2005,5
Jan-02-2006,5
Jan-09-2006,5
Jan-16-2006,5
Jan-23-2006,5.2
Jan-30-2006,5.25
Feb-06-2006,5.25
Feb-13-2006,5.25
Feb-20-2006,5.25
Feb-27-2006,5.25
Mar-06-2006,5.45
Mar-13-2006,5.5
Mar-20-2006,5.5
Mar-27-2006,5.5
Apr-03-2006,5.5
Apr-10-2006,5.5
Apr-17-2006,5.5
Apr-24-2006,5.7
May-01-2006,5.75
May-08-2006,5.75
May-15-2006,5.75
May-22-2006,5.9
May-29-2006,6
Jun-05-2006,5.75
Jun-12-2006,6
Jun-19-2006,6
Jun-26-2006,6
Jul-03-2006,6
Jul-10-2006,6
Jul-17-2006,6
Jul-24-2006,6
Jul-31-2006,6
Aug-07-2006,6
Aug-14-2006,6
Aug-21-2006,6
Aug-28-2006,6
Sep-04-2006,6
Sep-11-2006,6
Sep-18-2006,6
Sep-25-2006,6
Oct-02-2006,6
Oct-09-2006,6
Oct-16-2006,6
Oct-23-2006,6
Oct-30-2006,6
Nov-06-2006,6
Nov-13-2006,6
Nov-20-2006,6
Nov-27-2006,6
Dec-04-2006,6
Dec-11-2006,6
Dec-18-2006,6
Dec-25-2006,6
Jan-01-2007,6
Jan-08-2007,6
Jan-15-2007,6
Jan-22-2007,6
Jan-29-2007,6
Feb-05-2007,6
Feb-12-2007,6
Feb-19-2007,6
Feb-26-2007,6
Mar-05-2007,6
Mar-12-2007,6
Mar-19-2007,6
Mar-26-2007,6
Apr-02-2007,6
Apr-09-2007,6
Apr-16-2007,6
Apr-23-2007,6
Apr-30-2007,6
May-07-2007,6
May-14-2007,6
May-21-2007,6
May-28-2007,6
Jun-04-2007,6
Jun-11-2007,6
Jun-18-2007,6
Jun-25-2007,6
Jul-02-2007,6
Jul-09-2007,6.2
Jul-16-2007,6.25
Jul-23-2007,6.25
Jul-30-2007,6.25
Aug-06-2007,6.25
Aug-13-2007,6.25
Aug-20-2007,6.25
Aug-27-2007,6.25
Sep-03-2007,6.25
Sep-10-2007,6.25
Sep-17-2007,6.25
Sep-24-2007,6.25
Oct-01-2007,6.25
Oct-08-2007,6.25
Oct-15-2007,6.25
Oct-22-2007,6.25
Oct-29-2007,6.25
Nov-05-2007,6.25
Nov-12-2007,6.25
Nov-19-2007,6.25
Nov-26-2007,6.25
Dec-03-2007,6.05
Dec-10-2007,6
Dec-17-2007,6.05
Dec-24-2007,6
Dec-31-2007,6
Jan-07-2008,6
Jan-14-2008,6
Jan-21-2008,5.8125
Jan-28-2008,5.75
Feb-04-2008,5.75
Feb-11-2008,5.75
Feb-18-2008,5.75
Feb-25-2008,5.75
Mar-03-2008,5.45
Mar-10-2008,5.25
Mar-17-2008,5.25
Mar-24-2008,5.25
Mar-31-2008,5.25
Apr-07-2008,5.25
Apr-14-2008,5.25
Apr-21-2008,4.95
Apr-28-2008,4.75
May-05-2008,4.75
May-12-2008,4.75
May-19-2008,4.75
May-26-2008,4.75
Jun-02-2008,4.75
Jun-09-2008,4.75
Jun-16-2008,4.75
Jun-23-2008,4.75
Jun-30-2008,4.75
Jul-07-2008,4.75
Jul-14-2008,4.75
Jul-21-2008,4.75
Jul-28-2008,4.75
Aug-04-2008,4.75
Aug-11-2008,4.75
Aug-18-2008,4.75
Aug-25-2008,4.75
Sep-01-2008,4.75
Sep-08-2008,4.75
Sep-15-2008,4.75
Sep-22-2008,4.75
Sep-29-2008,4.75
Oct-06-2008,4.65
Oct-13-2008,4.3
Oct-20-2008,4.1
Oct-27-2008,4
Nov-03-2008,4
Nov-10-2008,4
Nov-17-2008,4
Nov-24-2008,4
Dec-01-2008,4
Dec-08-2008,3.6
Dec-15-2008,3.5
Dec-22-2008,3.5
Dec-29-2008,3.5
Jan-05-2009,3.5
Jan-12-2009,3.5
Jan-19-2009,3.125
Jan-26-2009,3
Feb-02-2009,3
Feb-09-2009,3
Feb-16-2009,3
Feb-23-2009,3
Mar-02-2009,2.6
Mar-09-2009,2.5
Mar-16-2009,2.5
Mar-23-2009,2.5
Mar-30-2009,2.5
Apr-06-2009,2.5
Apr-13-2009,2.5
Apr-20-2009,2.3125
Apr-27-2009,2.25
May-04-2009,2.25
May-11-2009,2.25
May-18-2009,2.25
May-25-2009,2.25
Jun-01-2009,2.25
Jun-08-2009,2.25
Jun-15-2009,2.25
Jun-22-2009,2.25
Jun-29-2009,2.25
Jul-06-2009,2.25
Jul-13-2009,2.25
Jul-20-2009,2.25
Jul-27-2009,2.25
Aug-03-2009,2.25
Aug-10-2009,2.25
Aug-17-2009,2.25
Aug-24-2009,2.25
Aug-31-2009,2.25
Sep-07-2009,2.25
Sep-14-2009,2.25
Sep-21-2009,2.25
Sep-28-2009,2.25
Oct-05-2009,2.25
Oct-12-2009,2.25
Oct-19-2009,2.25
Oct-26-2009,2.25
Nov-02-2009,2.25
Nov-09-2009,2.25
Nov-16-2009,2.25
Nov-23-2009,2.25
Nov-30-2009,2.25
Dec-07-2009,2.25
Dec-14-2009,2.25
Dec-21-2009,2.25
Dec-28-2009,2.25
Jan-04-2010,2.25
Jan-11-2010,2.25
Jan-18-2010,2.25
Jan-25-2010,2.25
Feb-01-2010,2.25
Feb-08-2010,2.25
Feb-15-2010,2.25
Feb-22-2010,2.25
Mar-01-2010,2.25
Mar-08-2010,2.25
Mar-15-2010,2.25
Mar-22-2010,2.25
Mar-29-2010,2.25
Apr-05-2010,2.25
Apr-12-2010,2.25
Apr-19-2010,2.25
Apr-26-2010,2.25
May-03-2010,2.25
May-10-2010,2.25
May-17-2010,2.25
May-24-2010,2.25
May-31-2010,2.25
Jun-07-2010,2.5
Jun-14-2010,2.5
Jun-21-2010,2.5
Jun-28-2010,2.5
Jul-05-2010,2.5
Jul-12-2010,2.5
Jul-19-2010,2.65
Jul-26-2010,2.75
Aug-02-2010,2.75
Aug-09-2010,2.75
Aug-16-2010,2.75
Aug-23-2010,2.75
Aug-30-2010,2.75
Sep-06-2010,2.8125
Sep-13-2010,3
Sep-20-2010,3
Sep-27-2010,3
Oct-04-2010,3
Oct-11-2010,3
Oct-18-2010,3
Oct-25-2010,3
Nov-01-2010,3
Nov-08-2010,3
Nov-15-2010,3
Nov-22-2010,3
Nov-29-2010,3
Dec-06-2010,3
Dec-13-2010,3
Dec-20-2010,3
Dec-27-2010,3
Jan-03-2011,3
Jan-10-2011,3
Jan-17-2011,3
Jan-24-2011,3
Jan-31-2011,3
Feb-07-2011,3
Feb-14-2011,3
Feb-21-2011,3
Feb-28-2011,3
Mar-07-2011,3
Mar-14-2011,3
Mar-21-2011,3
Mar-28-2011,3
Apr-04-2011,3
Apr-11-2011,3
Apr-18-2011,3
Apr-25-2011,3
May-02-2011,3
May-09-2011,3
May-16-2011,3
May-23-2011,3
May-30-2011,3
Jun-06-2011,3
Jun-13-2011,3
Jun-20-2011,3
Jun-27-2011,3
Jul-04-2011,3
Jul-11-2011,3
Jul-18-2011,3
Jul-25-2011,3
Aug-01-2011,3
Aug-08-2011,3
Aug-15-2011,3
Aug-22-2011,3
Aug-29-2011,3
Sep-05-2011,3
Sep-12-2011,3
Sep-19-2011,3
Sep-26-2011,3
Oct-03-2011,3
Oct-10-2011,3
Oct-17-2011,3
Oct-24-2011,3
Oct-31-2011,3
Nov-07-2011,3
Nov-14-2011,3
Nov-21-2011,3
Nov-28-2011,3
Dec-05-2011,3
Dec-12-2011,3
Dec-19-2011,3
Dec-26-2011,3
Jan-02-2012,3
Jan-09-2012,3
Jan-16-2012,3
Jan-23-2012,3
Jan-30-2012,3
Feb-06-2012,3
Feb-13-2012,3
Feb-20-2012,3
Feb-27-2012,3
Mar-05-2012,3
Mar-12-2012,3
Mar-19-2012,3
Mar-26-2012,3
Apr-02-2012,3
Apr-09-2012,3
Apr-16-2012,3
Apr-23-2012,3
Apr-30-2012,3
May-07-2012,3
May-14-2012,3
May-21-2012,3
May-28-2012,3
Jun-04-2012,3
Jun-11-2012,3
Jun-18-2012,3
Jun-25-2012,3
Jul-02-2012,3
Jul-09-2012,3
Jul-16-2012,3
Jul-23-2012,3
Jul-30-2012,3
Aug-06-2012,3
Aug-13-2012,3
Aug-20-2012,3
Aug-27-2012,3
Sep-03-2012,3
Sep-10-2012,3
Sep-17-2012,3
Sep-24-2012,3
Oct-01-2012,3
Oct-08-2012,3
Oct-15-2012,3
Oct-22-2012,3
Oct-29-2012,3
Nov-05-2012,3
Nov-12-2012,3
Nov-19-2012,3
Nov-26-2012,3
Dec-03-2012,3
Dec-10-2012,3
Dec-17-2012,3
Dec-24-2012,3
Dec-31-2012,3
Jan-07-2013,3
Jan-14-2013,3
Jan-21-2013,3
Jan-28-2013,3
Feb-04-2013,3
Feb-11-2013,3
Feb-18-2013,3
Feb-25-2013,3
Mar-04-2013,3
Mar-11-2013,3
Mar-18-2013,3
Mar-25-2013,3
Apr-01-2013,3
Apr-08-2013,3
Apr-15-2013,3
Apr-22-2013,3
Apr-29-2013,3
May-06-2013,3
May-13-2013,3
May-20-2013,3
May-27-2013,3
Jun-03-2013,3
Jun-10-2013,3
Jun-17-2013,3
Jun-24-2013,3
Jul-01-2013,3
Jul-08-2013,3
Jul-15-2013,3
Jul-22-2013,3
Jul-29-2013,3
Aug-05-2013,3
Aug-12-2013,3
Aug-19-2013,3
Aug-26-2013,3
Sep-02-2013,3
Sep-09-2013,3
Sep-16-2013,3
Sep-23-2013,3
Sep-30-2013,3
Oct-07-2013,3
Oct-14-2013,3
Oct-21-2013,3
Oct-28-2013,3
Nov-04-2013,3
Nov-11-2013,3
Nov-18-2013,3
Nov-25-2013,3
Dec-02-2013,3
Dec-09-2013,3
Dec-16-2013,3
Dec-23-2013,3
Dec-30-2013,3
Jan-06-2014,3
Jan-13-2014,3
Jan-20-2014,3
Jan-27-2014,3
Feb-03-2014,3
Feb-10-2014,3
Feb-17-2014,3
Feb-24-2014,3
Mar-03-2014,3
Mar-10-2014,3
Mar-17-2014,3
Mar-24-2014,3
Mar-31-2014,3
Apr-07-2014,3
Apr-14-2014,3
Apr-21-2014,3
Apr-28-2014,3
May-05-2014,3
May-12-2014,3
May-19-2014,3
May-26-2014,3
Jun-02-2014,3
Jun-09-2014,3
Jun-16-2014,3
Jun-23-2014,3
Jun-30-2014,3
Jul-07-2014,3
Jul-14-2014,3
Jul-21-2014,3
Jul-28-2014,3
Aug-04-2014,3
Aug-11-2014,3
Aug-18-2014,3
Aug-25-2014,3
Sep-01-2014,3
Sep-08-2014,3
Sep-15-2014,3
Sep-22-2014,3
Sep-29-2014,3
Oct-06-2014,3
Oct-13-2014,3
Oct-20-2014,3
Oct-27-2014,3
Nov-03-2014,3
Nov-10-2014,3
Nov-17-2014,3
Nov-24-2014,3
Dec-01-2014,3
Dec-08-2014,3
Dec-15-2014,3
Dec-22-2014,3
Dec-29-2014,3
Jan-05-2015,3
Jan-12-2015,3
Jan-19-2015,3
Jan-26-2015,3
Feb-02-2015,2.91
Feb-09-2015,2.85
Feb-16-2015,2.85
Feb-23-2015,2.85
Mar-02-2015,2.85
Mar-09-2015,2.85
Mar-16-2015,2.85
Mar-23-2015,2.85
Mar-30-2015,2.85
Apr-06-2015,2.85
Apr-13-2015,2.85
Apr-20-2015,2.85
Apr-27-2015,2.85
May-04-2015,2.85
May-11-2015,2.85
May-18-2015,2.85
May-25-2015,2.85
Jun-01-2015,2.85
Jun-08-2015,2.85
Jun-15-2015,2.85
Jun-22-2015,2.85
Jun-29-2015,2.85
Jul-06-2015,2.85
Jul-13-2015,2.85
Jul-20-2015,2.85
Jul-27-2015,2.73
Aug-03-2015,2.7
Aug-10-2015,2.7
Aug-17-2015,2.7
Aug-24-2015,2.7
Aug-31-2015,2.7
Sep-07-2015,2.7
Sep-14-2015,2.7
Sep-21-2015,2.7
Sep-28-2015,2.7
Oct-05-2015,2.7
Oct-12-2015,2.7
Oct-19-2015,2.7
Oct-26-2015,2.7
Nov-02-2015,2.7
Nov-09-2015,2.7
Nov-16-2015,2.7
Nov-23-2015,2.7
Nov-30-2015,2.7
Dec-07-2015,2.7
Dec-14-2015,2.7
Dec-21-2015,2.7
Dec-28-2015,2.7
Jan-04-2016,2.7
Jan-11-2016,2.7
Jan-18-2016,2.7
Jan-25-2016,2.7
Feb-01-2016,2.7
Feb-08-2016,2.7
Feb-15-2016,2.7
Feb-22-2016,2.7
Feb-29-2016,2.7
Mar-07-2016,2.7
Mar-14-2016,2.7
Mar-21-2016,2.7
Mar-28-2016,2.7
Apr-04-2016,2.7
Apr-11-2016,2.7
Apr-18-2016,2.7
Apr-25-2016,2.7
May-02-2016,2.7
May-09-2016,2.7
May-16-2016,2.7
May-23-2016,2.7
May-30-2016,2.7
Jun-06-2016,2.7
Jun-13-2016,2.7
Jun-20-2016,2.7
Jun-27-2016,2.7
Jul-04-2016,2.7
Jul-11-2016,2.7
Jul-18-2016,2.7
Jul-25-2016,2.7
Aug-01-2016,2.7
Aug-08-2016,2.7
Aug-15-2016,2.7
Aug-22-2016,2.7
Aug-29-2016,2.7
Sep-05-2016,2.7
Sep-12-2016,2.7
Sep-19-2016,2.7
Sep-26-2016,2.7
Oct-03-2016,2.7
Oct-10-2016,2.7
Oct-17-2016,2.7
Oct-24-2016,2.7
Oct-31-2016,2.7
Nov-07-2016,2.7
Nov-14-2016,2.7
Nov-21-2016,2.7
Nov-28-2016,2.7
Dec-05-2016,2.7
Dec-12-2016,2.7
Dec-19-2016,2.7
Dec-26-2016,2.7
Jan-02-2017,2.7
Jan-09-2017,2.7
Jan-16-2017,2.7
Jan-23-2017,2.7
Jan-30-2017,2.7
Feb-06-2017,2.7
Feb-13-2017,2.7
Feb-20-2017,2.7
Feb-27-2017,2.7
Mar-06-2017,2.7
Mar-13-2017,2.7
Mar-20-2017,2.7
Mar-27-2017,2.7
Apr-03-2017,2.7
Apr-10-2017,2.7
Apr-17-2017,2.7
Apr-24-2017,2.7
May-01-2017,2.7
May-08-2017,2.7
May-15-2017,2.7
May-22-2017,2.7
May-29-2017,2.7
Jun-05-2017,2.7
Jun-12-2017,2.7
Jun-19-2017,2.7
Jun-26-2017,2.7
Jul-03-2017,2.7
Jul-10-2017,2.7
Jul-17-2017,2.75
Jul-24-2017,2.95
Jul-31-2017,2.95
Aug-07-2017,2.95
Aug-14-2017,2.95
Aug-21-2017,2.95
Aug-28-2017,2.95
Sep-04-2017,3.0125
Sep-11-2017,3.2
Sep-18-2017,3.2
Sep-25-2017,3.2
Oct-02-2017,3.2
Oct-09-2017,3.2
Oct-16-2017,3.2
Oct-23-2017,3.2
Oct-30-2017,3.2
Nov-06-2017,3.2
Nov-13-2017,3.2
Nov-20-2017,3.2
Nov-27-2017,3.2
Dec-04-2017,3.2
Dec-11-2017,3.2
Dec-18-2017,3.2
Dec-25-2017,3.2
Jan-01-2018,3.2
Jan-08-2018,3.2
Jan-15-2018,3.2
Jan-22-2018,3.3
Jan-29-2018,3.45
Feb-05-2018,3.45
Feb-12-2018,3.45
Feb-19-2018,3.45
Feb-26-2018,3.45
Mar-05-2018,3.45
Mar-12-2018,3.45
Mar-19-2018,3.45
Mar-26-2018,3.45
Apr-02-2018,3.45
Apr-09-2018,3.45
Apr-16-2018,3.45
Apr-23-2018,3.45
Apr-30-2018,3.45
May-07-2018,3.45
May-14-2018,3.45
May-21-2018,3.45
May-28-2018,3.45
Jun-04-2018,3.45
Jun-11-2018,3.45
Jun-18-2018,3.45
Jun-25-2018,3.45
Jul-02-2018,3.45
Jul-09-2018,3.5
Jul-16-2018,3.7
Jul-23-2018,3.7
Jul-30-2018,3.7
Aug-06-2018,3.7
Aug-13-2018,3.7
Aug-20-2018,3.7
Aug-27-2018,3.7
Sep-03-2018,3.7
Sep-10-2018,3.7
Sep-17-2018,3.7
Sep-24-2018,3.7
Oct-01-2018,3.7
Oct-08-2018,3.7
Oct-15-2018,3.7
Oct-22-2018,3.7
Oct-29-2018,3.783333333
Nov-05-2018,3.95
Nov-12-2018,3.95
Nov-19-2018,3.95
Nov-26-2018,3.95
Dec-03-2018,3.95
Dec-10-2018,3.95
Dec-17-2018,3.95
Dec-24-2018,3.95
Dec-31-2018,3.95
Jan-07-2019,3.95
Jan-14-2019,3.95
Jan-21-2019,3.95
Jan-28-2019,3.95
Feb-04-2019,3.95
Feb-11-2019,3.95
Feb-18-2019,3.95
Feb-25-2019,3.95
Mar-04-2019,3.95
Mar-11-2019,3.95
Mar-18-2019,3.95
Mar-25-2019,3.95
Apr-01-2019,3.95
Apr-08-2019,3.95
Apr-15-2019,3.95
Apr-22-2019,3.95
Apr-29-2019,3.95
May-06-2019,3.95
May-13-2019,3.95
May-20-2019,3.95
May-27-2019,3.95
Jun-03-2019,3.95
Jun-10-2019,3.95
Jun-17-2019,3.95
Jun-24-2019,3.95
Jul-01-2019,3.95
Jul-08-2019,3.95
Jul-15-2019,3.95
Jul-22-2019,3.95
Jul-29-2019,3.95
Aug-05-2019,3.95
Aug-12-2019,3.95
Aug-19-2019,3.95
Aug-26-2019,3.95
Sep-02-2019,3.95
Sep-09-2019,3.95
Sep-16-2019,3.95
Sep-23-2019,3.95
Sep-30-2019,3.95
Oct-07-2019,3.95
Oct-14-2019,3.95
Oct-21-2019,3.95
Oct-28-2019,3.95
Nov-04-2019,3.95
Nov-11-2019,3.95
Nov-18-2019,3.95
Nov-25-2019,3.95
Dec-02-2019,3.95
Dec-09-2019,3.95
Dec-16-2019,3.95
Dec-23-2019,3.95
Dec-30-2019,3.95
Jan-06-2020,3.95
Jan-13-2020,3.95
Jan-20-2020,3.95
Jan-27-2020,3.95
Feb-03-2020,3.95
Feb-10-2020,3.95
Feb-17-2020,3.95
Feb-24-2020,3.95
Mar-02-2020,3.95
Mar-09-2020,3.95
Mar-16-2020,3.35
Mar-23-2020,2.95
Mar-30-2020,2.85
Apr-06-2020,2.45
Apr-13-2020,2.45
Apr-20-2020,2.45
Apr-27-2020,2.45
May-04-2020,2.45
May-11-2020,2.45
May-18-2020,2.45
May-25-2020,2.45
Jun-01-2020,2.45
Jun-08-2020,2.45
Jun-15-2020,2.45
Jun-22-2020,2.45
Jun-29-2020,2.45
Jul-06-2020,2.45
Jul-13-2020,2.45
Jul-20-2020,2.45
Jul-27-2020,2.45
Aug-03-2020,2.45
Aug-10-2020,2.45
Aug-17-2020,2.45
Aug-24-2020,2.45
Aug-31-2020,2.45
Sep-07-2020,2.45
Sep-14-2020,2.45
Sep-21-2020,2.45
Sep-28-2020,2.45
Oct-05-2020,2.45
Oct-12-2020,2.45
Oct-19-2020,2.45
Oct-26-2020,2.45
Nov-02-2020,2.45
Nov-09-2020,2.45
Nov-16-2020,2.45
Nov-23-2020,2.45
Nov-30-2020,2.45
Dec-07-2020,2.45
Dec-14-2020,2.45
Dec-21-2020,2.45
Dec-28-2020,2.45
Jan-04-2021,2.45
Jan-11-2021,2.45
Jan-18-2021,2.45
Jan-25-2021,2.45
Feb-01-2021,2.45
Feb-08-2021,2.45
Feb-15-2021,2.45
Feb-22-2021,2.45
Mar-01-2021,2.45
Mar-08-2021,2.45
Mar-15-2021,2.45
Mar-22-2021,2.45
Mar-29-2021,2.45
Apr-05-2021,2.45
Apr-12-2021,2.45
Apr-19-2021,2.45
Apr-26-2021,2.45
May-03-2021,2.45
May-10-2021,2.45
May-17-2021,2.45
May-24-2021,2.45
May-31-2021,2.45
Jun-07-2021,2.45
Jun-14-2021,2.45
Jun-21-2021,2.45
Jun-28-2021,2.45
Jul-05-2021,2.45
Jul-12-2021,2.45
Jul-19-2021,2.45
Jul-26-2021,2.45
Aug-02-2021,2.45
Aug-09-2021,2.45
Aug-16-2021,2.45
Aug-23-2021,2.45
Aug-30-2021,2.45
Sep-06-2021,2.45
Sep-13-2021,2.45
Sep-20-2021,2.45
Sep-27-2021,2.45
Oct-04-2021,2.45
Oct-11-2021,2.45
Oct-18-2021,2.45
Oct-25-2021,2.45
Nov-01-2021,2.45
Nov-08-2021,2.45
Nov-15-2021,2.45
Nov-22-2021,2.45
Nov-29-2021,2.45
Dec-06-2021,2.45
Dec-13-2021,2.45
Dec-20-2021,2.45
Dec-27-2021,2.45
Jan-03-2022,2.45
Jan-10-2022,2.45
Jan-17-2022,2.45
Jan-24-2022,2.45
Jan-31-2022,2.45
Feb-07-2022,2.45
Feb-14-2022,2.45
Feb-21-2022,2.45
Feb-28-2022,2.45
Mar-07-2022,2.45
Mar-14-2022,2.55
Mar-21-2022,2.7
Mar-28-2022,2.7
Apr-04-2022,2.7
Apr-11-2022,2.7
Apr-18-2022,2.7
Apr-25-2022,3.2
May-02-2022,3.2
May-09-2022,3.2
May-16-2022,3.2
May-23-2022,3.2
May-30-2022,3.2
Jun-06-2022,3.2
Jun-13-2022,3.6
Jun-20-2022,3.7
Jun-27-2022,3.7
Jul-04-2022,3.7
Jul-11-2022,3.7
Jul-18-2022,3.9
Jul-25-2022,4.7
Aug-01-2022,4.7
Aug-08-2022,4.7
Aug-15-2022,4.7
Aug-22-2022,4.7
Aug-29-2022,4.7
Sep-05-2022,4.7
Sep-12-2022,5
Sep-19-2022,5.45
Sep-26-2022,5.45
Oct-03-2022,5.45
Oct-10-2022,5.45
Oct-17-2022,5.45
Oct-24-2022,5.45
Oct-31-2022,5.55
Nov-07-2022,5.95
Nov-14-2022,5.95
Nov-21-2022,5.95
Nov-28-2022,5.95
Dec-05-2022,5.95
Dec-12-2022,6.15
Dec-19-2022,6.45
Dec-26-2022,6.45
Jan-02-2023,6.45
Jan-09-2023,6.45